date;annee;mois;nom_mois;jour_semaine;numero_jour_semaine;semaine_iso;appels_presentes;appels_traites;appels_abandonnes;delai_moyen_reponse_sec;niveau_service;niveau_service_pct;taux_abandon;taux_traitement
2025-12-31;2025;2025-12;Décembre;Mercredi;3;1;732;731;1;3,1586867;0,9795081;97,95081;0,001366120218579235;0,9986338797814208
2025-12-30;2025;2025-12;Décembre;Mardi;2;1;913;883;22;40,0124575;0,8119469;81,19469000000001;0,024096385542168676;0,9671412924424972
2025-12-29;2025;2025-12;Décembre;Lundi;1;1;939;880;49;76,6431818;0,6655879;66,55879;0,05218317358892439;0,9371671991480298
2025-12-28;2025;2025-12;Décembre;Dimanche;7;52;180;167;12;24,0838323;0,8342857;83,42857000000001;0,06666666666666667;0,9277777777777778
2025-12-27;2025;2025-12;Décembre;Samedi;6;52;253;250;2;13,348;0,9083665;90,83664999999999;0,007905138339920948;0,9881422924901185
2025-12-26;2025;2025-12;Décembre;Vendredi;5;52;336;312;24;32,8782051;0,8030769;80,30769;0,07142857142857142;0,9285714285714286
2025-12-25;2025;2025-12;Décembre;Jeudi;4;52;129;125;4;11,608;0,9285714;92,85714;0,031007751937984496;0,9689922480620154
2025-12-24;2025;2025-12;Décembre;Mercredi;3;52;594;593;1;4,708263;0,9780775;97,80775;0,0016835016835016834;0,9983164983164983
2025-12-23;2025;2025-12;Décembre;Mardi;2;52;966;895;65;64,9810055;0,7320675;73,20675;0,06728778467908902;0,9265010351966874
2025-12-22;2025;2025-12;Décembre;Lundi;1;52;1046;904;125;199,9679203;0,4885572;48,855720000000005;0,11950286806883365;0,864244741873805
2025-12-21;2025;2025-12;Décembre;Dimanche;7;51;174;168;5;8,9464285;0,9360465;93,60465;0,028735632183908046;0,9655172413793104
2025-12-20;2025;2025-12;Décembre;Samedi;6;51;271;268;3;4,5559701;0,9666666;96,66666000000001;0,01107011070110701;0,988929889298893
2025-12-19;2025;2025-12;Décembre;Vendredi;5;51;1032;1001;24;32,1528471;0,8215686;82,15686;0,023255813953488372;0,9699612403100775
2025-12-18;2025;2025-12;Décembre;Jeudi;4;51;1139;1096;35;43,9708029;0,7616487;76,16487;0,030728709394205442;0,9622475856014048
2025-12-17;2025;2025-12;Décembre;Mercredi;3;51;1311;1137;158;128,5664028;0,5497259;54,97259;0,12051868802440885;0,8672768878718535
2025-12-16;2025;2025-12;Décembre;Mardi;2;51;1095;1018;64;88,6227897;0,6398503;63,985029999999995;0,058447488584474884;0,9296803652968036
2025-12-15;2025;2025-12;Décembre;Lundi;1;51;1245;1150;81;109,5356521;0,640625;64,0625;0,06506024096385542;0,9236947791164659
2025-12-14;2025;2025-12;Décembre;Dimanche;7;50;220;211;9;26,3649289;0,8617511;86,17511;0,04090909090909091;0,9590909090909091
2025-12-13;2025;2025-12;Décembre;Samedi;6;50;355;345;9;21,2028985;0,8870056;88,70056;0,02535211267605634;0,971830985915493
2025-12-12;2025;2025-12;Décembre;Vendredi;5;50;1218;1109;88;101,323715;0,6361344;63,61344;0,0722495894909688;0,9105090311986864
2025-12-11;2025;2025-12;Décembre;Jeudi;4;50;1268;1189;64;77,804878;0,6768982;67,68982;0,050473186119873815;0,9376971608832808
2025-12-10;2025;2025-12;Décembre;Mercredi;3;50;1385;1265;95;144,6798418;0,5884955;58,849549999999994;0,06859205776173286;0,9133574007220217
2025-12-09;2025;2025-12;Décembre;Mardi;2;50;1212;1109;87;122,3814247;0,5765306;57,65306;0,07178217821782178;0,915016501650165
2025-12-08;2025;2025-12;Décembre;Lundi;1;50;1363;1240;96;147,4379032;0,5960516;59,60516;0,07043286867204696;0,9097578870139399
2025-12-07;2025;2025-12;Décembre;Dimanche;7;49;236;225;11;20,8222222;0,8547008;85,47008000000001;0,046610169491525424;0,9533898305084746
2025-12-06;2025;2025-12;Décembre;Samedi;6;49;297;278;19;51,1115107;0,7735191;77,35191;0,06397306397306397;0,936026936026936
2025-12-05;2025;2025-12;Décembre;Vendredi;5;49;1130;1041;74;84,6887608;0,6921005;69,21005;0,06548672566371681;0,9212389380530973
2025-12-04;2025;2025-12;Décembre;Jeudi;4;49;1154;1121;23;30,6815343;0,8725834;87,25834;0,01993067590987868;0,9714038128249567
2025-12-03;2025;2025-12;Décembre;Mercredi;3;49;1197;1155;29;34,1160173;0,8372681;83,72681;0,02422723475355054;0,9649122807017544
2025-12-02;2025;2025-12;Décembre;Mardi;2;49;1242;1195;38;44,4736401;0,7761437;77,61437;0,030595813204508857;0,962157809983897
2025-12-01;2025;2025-12;Décembre;Lundi;1;49;1237;1175;52;60,7702127;0,7785069;77,85069;0,04203718674211803;0,9498787388843978
2025-11-30;2025;2025-11;Novembre;Dimanche;7;48;213;192;19;72,0572916;0,7313432;73,13432;0,0892018779342723;0,9014084507042254
2025-11-29;2025;2025-11;Novembre;Samedi;6;48;330;321;7;12,2211838;0,9110429;91,10428999999999;0,021212121212121213;0,9727272727272728
2025-11-28;2025;2025-11;Novembre;Vendredi;5;48;999;948;44;47,9293248;0,7612704;76,12704000000001;0,044044044044044044;0,948948948948949
2025-11-27;2025;2025-11;Novembre;Jeudi;4;48;1143;1040;85;96,1615384;0,6127583;61,27583;0,07436570428696412;0,9098862642169728
2025-11-26;2025;2025-11;Novembre;Mercredi;3;48;1033;977;45;50,9989764;0,7581764;75,81764;0,04356243949661181;0,9457889641819942
2025-11-25;2025;2025-11;Novembre;Mardi;2;48;1141;1066;53;71,1969981;0,7030411;70,30411;0,04645048203330412;0,9342681858019282
2025-11-24;2025;2025-11;Novembre;Lundi;1;48;1082;1020;49;63,7303921;0,7530516;75,30516;0,04528650646950092;0,9426987060998152
2025-11-23;2025;2025-11;Novembre;Dimanche;7;47;212;206;6;6,6262135;0,9516908;95,16908;0,02830188679245283;0,9716981132075472
2025-11-22;2025;2025-11;Novembre;Samedi;6;47;239;238;1;1,2058823;0,9874476;98,74476;0,0041841004184100415;0,99581589958159
2025-11-21;2025;2025-11;Novembre;Vendredi;5;47;978;962;13;12,8690228;0,9164948;91,64948000000001;0,013292433537832311;0,983640081799591
2025-11-20;2025;2025-11;Novembre;Jeudi;4;47;1166;1132;29;23,8736749;0,8664353;86,64353;0,024871355060034305;0,9708404802744426
2025-11-19;2025;2025-11;Novembre;Mercredi;3;47;1100;1037;55;59,5621986;0,7324074;73,24074;0,05;0,9427272727272727
2025-11-18;2025;2025-11;Novembre;Mardi;2;47;1307;1215;71;70,7473251;0,6933852;69,33852;0,05432287681713849;0,9296097934200459
2025-11-17;2025;2025-11;Novembre;Lundi;1;47;1469;1359;93;70,8623988;0,6654954;66,54954;0,06330837304288632;0,9251191286589516
2025-11-16;2025;2025-11;Novembre;Dimanche;7;46;262;257;5;20,5953307;0,9384615;93,84615;0,019083969465648856;0,9809160305343512
2025-11-15;2025;2025-11;Novembre;Samedi;6;46;326;317;8;18,1577287;0,8913043;89,13043;0,024539877300613498;0,9723926380368099
2025-11-14;2025;2025-11;Novembre;Vendredi;5;46;1104;996;92;84,7861445;0,5930776;59,30776;0,08333333333333333;0,9021739130434783
2025-11-13;2025;2025-11;Novembre;Jeudi;4;46;1080;1030;49;45,7621359;0,8092105;80,92105000000001;0,04537037037037037;0,9537037037037037
2025-11-12;2025;2025-11;Novembre;Mercredi;3;46;1130;1023;91;79,7800586;0,6824385;68,24385;0,08053097345132744;0,9053097345132743
2025-11-11;2025;2025-11;Novembre;Mardi;2;46;417;411;5;6,4403892;0,9589371;95,89371;0,011990407673860911;0,9856115107913669
2025-11-10;2025;2025-11;Novembre;Lundi;1;46;1043;934;78;96,3415417;0,6086529;60,86529;0,07478427612655801;0,8954937679769894
2025-11-09;2025;2025-11;Novembre;Dimanche;7;45;222;217;5;6,6036866;0,9587155;95,87155;0,02252252252252252;0,9774774774774775
2025-11-08;2025;2025-11;Novembre;Samedi;6;45;301;291;9;33,556701;0,8720538;87,20538;0,029900332225913623;0,9667774086378738
2025-11-07;2025;2025-11;Novembre;Vendredi;5;45;941;917;10;12,6739367;0,9163987;91,63987;0,010626992561105207;0,9744952178533475
2025-11-06;2025;2025-11;Novembre;Jeudi;4;45;1022;965;34;28,804145;0,826904;82,6904;0,033268101761252444;0,9442270058708415
2025-11-05;2025;2025-11;Novembre;Mercredi;3;45;990;936;37;44,8985042;0,7907692;79,07692;0,03737373737373737;0,9454545454545454
2025-11-04;2025;2025-11;Novembre;Mardi;2;45;962;903;45;64,9047619;0,7142857;71,42857000000001;0,04677754677754678;0,9386694386694386
2025-11-03;2025;2025-11;Novembre;Lundi;1;45;1120;1024;83;65,0957031;0,6780758;67,80758;0,07410714285714286;0,9142857142857143
2025-11-02;2025;2025-11;Novembre;Dimanche;7;44;221;216;5;13,2638888;0,9266055;92,66055;0,02262443438914027;0,9773755656108597
2025-11-01;2025;2025-11;Novembre;Samedi;6;44;331;316;12;25,1392405;0,875;87,5;0,03625377643504532;0,9546827794561934
2025-10-31;2025;2025-10;Octobre;Vendredi;5;44;921;879;28;36,4664391;0,8296703;82,96703;0,03040173724212812;0,9543973941368078
2025-10-30;2025;2025-10;Octobre;Jeudi;4;44;929;863;56;50,2780996;0,7803532;78,03532;0,060279870828848225;0,9289558665231432
2025-10-29;2025;2025-10;Octobre;Mercredi;3;44;1061;967;80;71,0992761;0,7096153;70,96153;0,07540056550424128;0,9114043355325165
2025-10-28;2025;2025-10;Octobre;Mardi;2;44;940;870;59;73,6241379;0,6819672;68,19672;0,0627659574468085;0,925531914893617
2025-10-27;2025;2025-10;Octobre;Lundi;1;44;1067;1003;51;46,2602193;0,7657142;76,57142;0,04779756326148079;0,9400187441424555
2025-10-26;2025;2025-10;Octobre;Dimanche;7;43;204;203;1;3,9162561;0,9852216;98,52216;0,004901960784313725;0,9950980392156863
2025-10-25;2025;2025-10;Octobre;Samedi;6;43;254;254;0;0,5866141;1,0;100,0;0,0;1,0
2025-10-24;2025;2025-10;Octobre;Vendredi;5;43;878;841;28;25,6599286;0,8470451;84,70451;0,03189066059225513;0,9578587699316629
2025-10-23;2025;2025-10;Octobre;Jeudi;4;43;893;831;50;49,4524669;0,7485714;74,85714;0,055991041433370664;0,9305711086226204
2025-10-22;2025;2025-10;Octobre;Mercredi;3;43;978;915;47;34,7125683;0,8144654;81,44654;0,04805725971370143;0,9355828220858896
2025-10-21;2025;2025-10;Octobre;Mardi;2;43;1045;985;51;55,1949238;0,7239024;72,39023999999999;0,04880382775119617;0,9425837320574163
2025-10-20;2025;2025-10;Octobre;Lundi;1;43;1001;923;67;68,496208;0,7204081;72,04081;0,06693306693306693;0,922077922077922
2025-10-19;2025;2025-10;Octobre;Dimanche;7;42;189;188;1;13,8085106;0,9206349;92,06349;0,005291005291005291;0,9947089947089947
2025-10-18;2025;2025-10;Octobre;Samedi;6;42;289;285;2;5,6245614;0,9550173;95,50173;0,006920415224913495;0,986159169550173
2025-10-17;2025;2025-10;Octobre;Vendredi;5;42;958;887;56;68,8410372;0,7205567;72,05567;0,05845511482254697;0,9258872651356994
2025-10-16;2025;2025-10;Octobre;Jeudi;4;42;1091;1042;37;36,3483685;0,805762;80,5762;0,03391384051329056;0,9550870760769936
2025-10-15;2025;2025-10;Octobre;Mercredi;3;42;1110;1043;54;49,9137104;0,7345622;73,45622;0,04864864864864865;0,9396396396396396
2025-10-14;2025;2025-10;Octobre;Mardi;2;42;1087;1028;52;47,2208171;0,7731092;77,31092000000001;0,04783808647654094;0,9457221711131555
2025-10-13;2025;2025-10;Octobre;Lundi;1;42;291;287;1;2,1324041;0,9725085;97,25085;0,003436426116838488;0,9862542955326461
2025-10-12;2025;2025-10;Octobre;Dimanche;7;41;182;178;4;14,0674157;0,8895027;88,95027;0,02197802197802198;0,978021978021978
2025-10-11;2025;2025-10;Octobre;Samedi;6;41;251;249;2;5,5301204;0,96;96,0;0,00796812749003984;0,9920318725099602
2025-10-10;2025;2025-10;Octobre;Vendredi;5;41;880;850;19;19,5541176;0,8653624;86,53623999999999;0,02159090909090909;0,9659090909090909
2025-10-09;2025;2025-10;Octobre;Jeudi;4;41;996;946;37;38,206131;0,8079268;80,79267999999999;0,03714859437751004;0,9497991967871486
2025-10-08;2025;2025-10;Octobre;Mercredi;3;41;977;940;27;23,3265957;0,8467908;84,67908;0,027635619242579325;0,962128966223132
2025-10-07;2025;2025-10;Octobre;Mardi;2;41;993;901;74;72,4983351;0,6873706;68,73706;0,07452165156092648;0,9073514602215509
2025-10-06;2025;2025-10;Octobre;Lundi;1;41;1189;1118;55;45,8783542;0,7902397;79,02397;0,04625735912531539;0,9402859545836838
2025-10-05;2025;2025-10;Octobre;Dimanche;7;40;318;311;7;10,5980707;0,9174603;91,74603;0,0220125786163522;0,9779874213836478
2025-10-04;2025;2025-10;Octobre;Samedi;6;40;313;307;5;11,8729641;0,9228295;92,28295;0,01597444089456869;0,9808306709265175
2025-10-03;2025;2025-10;Octobre;Vendredi;5;40;943;856;79;67,6039719;0,6685022;66,85022000000001;0,08377518557794274;0,9077412513255567
2025-10-02;2025;2025-10;Octobre;Jeudi;4;40;1032;995;32;22,5115577;0,872173;87,2173;0,031007751937984496;0,9641472868217055
2025-10-01;2025;2025-10;Octobre;Mercredi;3;40;1141;1102;27;30,2050816;0,8689105;86,89105;0,02366345311130587;0,9658194566170026
2025-09-30;2025;2025-09;Septembre;Mardi;2;40;585;567;18;11,6472663;0,9131944;91,31944;0,03076923076923077;0,9692307692307692
2025-09-29;2025;2025-09;Septembre;Lundi;1;40;1062;988;63;51,826923;0,7350096;73,50096;0,059322033898305086;0,9303201506591338
2025-09-28;2025;2025-09;Septembre;Dimanche;7;39;254;242;10;26,8842975;0,8473895;84,73895;0,03937007874015748;0,952755905511811
2025-09-27;2025;2025-09;Septembre;Samedi;6;39;268;258;8;17,988372;0,9157088;91,57088;0,029850746268656716;0,9626865671641791
2025-09-26;2025;2025-09;Septembre;Vendredi;5;39;1056;978;70;52,1359918;0,7588235;75,88235;0,06628787878787878;0,9261363636363636
2025-09-25;2025;2025-09;Septembre;Jeudi;4;39;1047;990;49;47,0121212;0,7717073;77,17072999999999;0,04680038204393505;0,9455587392550143
2025-09-24;2025;2025-09;Septembre;Mercredi;3;39;1032;999;21;14,7357357;0,8926829;89,26829;0,020348837209302327;0,9680232558139535
2025-09-23;2025;2025-09;Septembre;Mardi;2;39;1088;1056;25;25,6818181;0,8389199;83,89199;0,02297794117647059;0,9705882352941176
2025-09-22;2025;2025-09;Septembre;Lundi;1;39;1182;1108;57;60,0640794;0,7253218;72,53218;0,048223350253807105;0,937394247038917
2025-09-21;2025;2025-09;Septembre;Dimanche;7;38;234;220;13;30,8318181;0,8311688;83,11688000000001;0,05555555555555555;0,9401709401709402
2025-09-20;2025;2025-09;Septembre;Samedi;6;38;329;328;1;2,4085365;0,9878048;98,78048;0,00303951367781155;0,9969604863221885
2025-09-19;2025;2025-09;Septembre;Vendredi;5;38;1059;1024;30;30,6601562;0,8424068;84,24068;0,028328611898016998;0,9669499527856469
2025-09-18;2025;2025-09;Septembre;Jeudi;4;38;1097;1015;71;40,7103448;0,7624413;76,24413;0,06472196900638104;0,9252506836827712
2025-09-17;2025;2025-09;Septembre;Mercredi;3;38;1118;1051;65;40,2978116;0,7752293;77,52293;0,05813953488372093;0,9400715563506261
2025-09-16;2025;2025-09;Septembre;Mardi;2;38;1133;1087;39;26,7920883;0,8642086;86,42086;0,03442188879082083;0,9593998234774934
2025-09-15;2025;2025-09;Septembre;Lundi;1;38;1248;1224;23;18,4313725;0,8902439;89,02439;0,01842948717948718;0,9807692307692307
2025-09-14;2025;2025-09;Septembre;Dimanche;7;37;248;243;4;12,1975308;0,9346938;93,46938;0,016129032258064516;0,9798387096774194
2025-09-13;2025;2025-09;Septembre;Samedi;6;37;413;387;24;43,0465116;0,7512315;75,12315000000001;0,05811138014527845;0,937046004842615
2025-09-12;2025;2025-09;Septembre;Vendredi;5;37;957;870;71;78,7827586;0,6594827;65,94827;0,0741901776384535;0,9090909090909091
2025-09-11;2025;2025-09;Septembre;Jeudi;4;37;1138;1071;58;56,0345471;0,7268643;72,68643;0,050966608084358524;0,9411247803163445
2025-09-10;2025;2025-09;Septembre;Mercredi;3;37;1134;1007;108;114,3992055;0,5879671;58,79671;0,09523809523809523;0,8880070546737213
2025-09-09;2025;2025-09;Septembre;Mardi;2;37;1072;982;80;71,4093686;0,7061068;70,61068;0,07462686567164178;0,9160447761194029
2025-09-08;2025;2025-09;Septembre;Lundi;1;37;1316;1186;105;85,6365935;0,6274509;62,745090000000005;0,0797872340425532;0,9012158054711246
2025-09-07;2025;2025-09;Septembre;Dimanche;7;36;271;251;18;55,6414342;0,7490494;74,90494;0,06642066420664207;0,9261992619926199
2025-09-06;2025;2025-09;Septembre;Samedi;6;36;429;391;36;67,5780051;0,7355769;73,55769;0,08391608391608392;0,9114219114219114
2025-09-05;2025;2025-09;Septembre;Vendredi;5;36;1126;1074;46;42,7653631;0,8172817;81,72817;0,04085257548845471;0,9538188277087034
2025-09-04;2025;2025-09;Septembre;Jeudi;4;36;1290;1209;74;47,5765095;0,7827121;78,27121;0,05736434108527132;0,9372093023255814
2025-09-03;2025;2025-09;Septembre;Mercredi;3;36;1226;1149;65;46,7302001;0,7614678;76,14678;0,05301794453507341;0,9371941272430668
2025-09-02;2025;2025-09;Septembre;Mardi;2;36;1332;1228;86;83,5333876;0,69468;69,46799999999999;0,06456456456456457;0,9219219219219219
2025-09-01;2025;2025-09;Septembre;Lundi;1;36;425;423;0;1,609929;0,9882075;98,82075;0,0;0,9952941176470588
2025-08-31;2025;2025-08;Août;Dimanche;7;35;274;262;11;17,4007633;0,8909774;89,09774;0,040145985401459854;0,9562043795620438
2025-08-30;2025;2025-08;Août;Samedi;6;35;340;335;4;9,1910447;0,9465875;94,65875;0,011764705882352941;0,9852941176470589
2025-08-29;2025;2025-08;Août;Vendredi;5;35;1047;987;51;53,0466058;0,772549;77,2549;0,04871060171919771;0,9426934097421203
2025-08-28;2025;2025-08;Août;Jeudi;4;35;1078;995;64;68,9819095;0,699526;69,9526;0,059369202226345084;0,9230055658627088
2025-08-27;2025;2025-08;Août;Mercredi;3;35;1098;982;100;89,7036659;0,6280834;62,808339999999994;0,09107468123861566;0,8943533697632058
2025-08-26;2025;2025-08;Août;Mardi;2;35;1208;1102;88;75,1950998;0,6847918;68,47918;0,0728476821192053;0,9122516556291391
2025-08-25;2025;2025-08;Août;Lundi;1;35;1246;1148;84;71,772648;0,7520525;75,20525;0,06741573033707865;0,9213483146067416
2025-08-24;2025;2025-08;Août;Dimanche;7;34;295;285;8;17,291228;0,8923611;89,23611;0,02711864406779661;0,9661016949152542
2025-08-23;2025;2025-08;Août;Samedi;6;34;356;337;16;49,2997032;0,7657142;76,57142;0,0449438202247191;0,9466292134831461
2025-08-22;2025;2025-08;Août;Vendredi;5;34;1123;1037;69;63,6750241;0,6906278;69,06278;0,06144256455921639;0,9234194122885129
2025-08-21;2025;2025-08;Août;Jeudi;4;34;1218;1142;60;44,7810858;0,7727652;77,27652;0,04926108374384237;0,9376026272577996
2025-08-20;2025;2025-08;Août;Mercredi;3;34;1209;1156;42;38,8624567;0,7760067;77,60067000000001;0,034739454094292806;0,9561621174524401
2025-08-19;2025;2025-08;Août;Mardi;2;34;1345;1258;67;50,6216216;0,7265803;72,65803;0,04981412639405204;0,9353159851301115
2025-08-18;2025;2025-08;Août;Lundi;1;34;1343;1255;76;63,7553784;0,7285171;72,85171;0,05658972449739389;0,9344750558451228
2025-08-17;2025;2025-08;Août;Dimanche;7;33;266;261;5;9,2260536;0,9353612;93,53612;0,018796992481203006;0,981203007518797
2025-08-16;2025;2025-08;Août;Samedi;6;33;418;418;0;7,8086124;0,9545454;95,45454;0,0;1,0
2025-08-15;2025;2025-08;Août;Vendredi;5;33;1331;1200;115;87,095;0,6122766;61,22765999999999;0,08640120210368145;0,9015777610818934
2025-08-14;2025;2025-08;Août;Jeudi;4;33;1247;1155;79;44,7714285;0,7584501;75,84501;0,06335204490777867;0,9262229350441058
2025-08-13;2025;2025-08;Août;Mercredi;3;33;1246;1210;27;18,4719008;0,8918699;89,18699;0,021669341894060994;0,971107544141252
2025-08-12;2025;2025-08;Août;Mardi;2;33;1276;1206;48;52,3706467;0,7760127;77,60127;0,03761755485893417;0,945141065830721
2025-08-11;2025;2025-08;Août;Lundi;1;33;1366;1239;105;81,9959644;0,6927122;69,27122;0,07686676427525622;0,9070278184480234
2025-08-10;2025;2025-08;Août;Dimanche;7;32;292;287;4;8,9965156;0,9446366;94,46366;0,0136986301369863;0,9828767123287672
2025-08-09;2025;2025-08;Août;Samedi;6;32;394;361;30;38,8199445;0,7434554;74,34554;0,07614213197969544;0,916243654822335
2025-08-08;2025;2025-08;Août;Vendredi;5;32;1407;1305;87;64,1348659;0,6975218;69,75218;0,06183368869936034;0,9275053304904051
2025-08-07;2025;2025-08;Août;Jeudi;4;32;1212;1200;9;5,5425;0,9734219;97,34218999999999;0,007425742574257425;0,9900990099009901
2025-08-06;2025;2025-08;Août;Mercredi;3;32;1261;1233;25;18,7866991;0,8927141;89,27140999999999;0,019825535289452814;0,9777954004758128
2025-08-05;2025;2025-08;Août;Mardi;2;32;1311;1196;100;67,6429765;0,6719367;67,19367000000001;0,07627765064836003;0,9122807017543859
2025-08-04;2025;2025-08;Août;Lundi;1;32;460;436;20;14,6949541;0,8893805;88,93805;0,043478260869565216;0,9478260869565217
2025-08-03;2025;2025-08;Août;Dimanche;7;31;336;319;17;27,8432601;0,853211;85,3211;0,050595238095238096;0,9494047619047619
2025-08-02;2025;2025-08;Août;Samedi;6;31;361;311;45;82,971061;0,6666666;66,66666;0,12465373961218837;0,8614958448753463
2025-08-01;2025;2025-08;Août;Vendredi;5;31;1199;1146;45;43,8987783;0,8089983;80,89983;0,03753127606338615;0,9557964970809008
2025-07-31;2025;2025-07;Juillet;Jeudi;4;31;1314;1267;38;34,8145224;0,8409266;84,09266;0,0289193302891933;0,9642313546423136
2025-07-30;2025;2025-07;Juillet;Mercredi;3;31;1280;1218;57;41,9195402;0,7681274;76,81274;0,04453125;0,9515625
2025-07-29;2025;2025-07;Juillet;Mardi;2;31;1379;1330;48;27,6015037;0,8469462;84,69462;0,03480783176214648;0,9644670050761421
2025-07-28;2025;2025-07;Juillet;Lundi;1;31;1368;1248;101;121,0240384;0,6474981;64,74981;0,07383040935672515;0,9122807017543859
2025-07-27;2025;2025-07;Juillet;Dimanche;7;30;313;311;2;2,8681672;0,9807073;98,07073;0,006389776357827476;0,9936102236421726
2025-07-26;2025;2025-07;Juillet;Samedi;6;30;459;446;12;23,8520179;0,8920704;89,20704;0,026143790849673203;0,971677559912854
2025-07-25;2025;2025-07;Juillet;Vendredi;5;30;1383;1236;127;137,7338187;0,5586924;55,86924;0,0918293564714389;0,8937093275488069
2025-07-24;2025;2025-07;Juillet;Jeudi;4;30;1485;1338;118;101,025411;0,6179775;61,79774999999999;0,07946127946127945;0,901010101010101
2025-07-23;2025;2025-07;Juillet;Mercredi;3;30;1456;1230;192;204,0715447;0,5201438;52,01438;0,13186813186813187;0,8447802197802198
2025-07-22;2025;2025-07;Juillet;Mardi;2;30;1281;1235;42;34,0315789;0,8140822;81,40822;0,03278688524590164;0,9640905542544886
2025-07-21;2025;2025-07;Juillet;Lundi;1;30;1410;1323;81;71,1186696;0,7274709;72,74709;0,0574468085106383;0,9382978723404255
2025-07-20;2025;2025-07;Juillet;Dimanche;7;29;289;264;21;45,1704545;0,768953;76,8953;0,0726643598615917;0,9134948096885813
2025-07-19;2025;2025-07;Juillet;Samedi;6;29;505;484;21;20,964876;0,8843813;88,43813;0,041584158415841586;0,9584158415841584
2025-07-18;2025;2025-07;Juillet;Vendredi;5;29;1578;1472;83;80,7683423;0,6612589;66,12589;0,052598225602027884;0,9328263624841572
2025-07-17;2025;2025-07;Juillet;Jeudi;4;29;1278;1187;81;59,8879528;0,697092;69,70920000000001;0,06338028169014084;0,9287949921752738
2025-07-16;2025;2025-07;Juillet;Mercredi;3;29;1260;1220;33;19,0221311;0,8893376;88,93375999999999;0,02619047619047619;0,9682539682539683
2025-07-15;2025;2025-07;Juillet;Mardi;2;29;1288;1239;40;34,6279257;0,8011049;80,11049;0,031055900621118012;0,9619565217391305
2025-07-14;2025;2025-07;Juillet;Lundi;1;29;1385;1332;44;25,792042;0,8458149;84,58149;0,03176895306859206;0,9617328519855596
2025-07-13;2025;2025-07;Juillet;Dimanche;7;28;278;269;9;8,7286245;0,9375;93,75;0,03237410071942446;0,9676258992805755
2025-07-12;2025;2025-07;Juillet;Samedi;6;28;342;334;8;5,6946107;0,9525222;95,25222;0,023391812865497075;0,9766081871345029
2025-07-11;2025;2025-07;Juillet;Vendredi;5;28;1184;1158;19;11,2763385;0,9322469;93,22469;0,016047297297297296;0,9780405405405406
2025-07-10;2025;2025-07;Juillet;Jeudi;4;28;1276;1241;25;16,9669621;0,8964426;89,64426;0,019592476489028215;0,9725705329153606
2025-07-09;2025;2025-07;Juillet;Mercredi;3;28;1273;1220;44;28,9377049;0,844;84,39999999999999;0,03456402199528672;0,9583660644147682
2025-07-08;2025;2025-07;Juillet;Mardi;2;28;1205;1168;28;28,9631849;0,8594276;85,94275999999999;0,023236514522821577;0,9692946058091286
2025-07-07;2025;2025-07;Juillet;Lundi;1;28;1422;1330;64;51,7097744;0,7394113;73,94113;0,0450070323488045;0,9353023909985936
2025-07-06;2025;2025-07;Juillet;Dimanche;7;27;260;258;1;3,8255813;0,9730769;97,30769000000001;0,0038461538461538464;0,9923076923076923
2025-07-05;2025;2025-07;Juillet;Samedi;6;27;420;415;4;6,4240963;0,9640287;96,40287;0,009523809523809525;0,9880952380952381
2025-07-04;2025;2025-07;Juillet;Vendredi;5;27;1368;1318;44;37,1502276;0,7973372;79,73371999999999;0,03216374269005848;0,9634502923976608
2025-07-03;2025;2025-07;Juillet;Jeudi;4;27;1505;1458;37;32,4663923;0,8551307;85,51307;0,02458471760797342;0,9687707641196013
2025-07-02;2025;2025-07;Juillet;Mercredi;3;27;1768;1635;105;72,5681957;0,6484601;64,84600999999999;0,05938914027149321;0,9247737556561086
2025-07-01;2025;2025-07;Juillet;Mardi;2;27;409;406;1;3,8374384;0,9681372;96,81372;0,0024449877750611247;0,9926650366748166
2025-06-30;2025;2025-06;Juin;Lundi;1;27;1439;1348;68;64,351632;0,7270788;72,70788;0,0472550382209868;0,936761640027797
2025-06-29;2025;2025-06;Juin;Dimanche;7;26;294;287;5;6,1393728;0,95189;95,18900000000001;0,017006802721088437;0,9761904761904762
2025-06-28;2025;2025-06;Juin;Samedi;6;26;439;428;10;8,9158878;0,9395348;93,95348;0,022779043280182234;0,9749430523917996
2025-06-27;2025;2025-06;Juin;Vendredi;5;26;1345;1263;55;48,1543942;0,8111361;81,11361000000001;0,040892193308550186;0,9390334572490706
2025-06-26;2025;2025-06;Juin;Jeudi;4;26;1376;1321;51;28,7895533;0,8536585;85,36585;0,037063953488372096;0,9600290697674418
2025-06-25;2025;2025-06;Juin;Mercredi;3;26;1357;1296;50;38,1612654;0,814759;81,4759;0,036845983787767135;0,9550478997789241
2025-06-24;2025;2025-06;Juin;Mardi;2;26;1370;1311;53;39,6491228;0,7818317;78,18317;0,03868613138686131;0,9569343065693431
2025-06-23;2025;2025-06;Juin;Lundi;1;26;1505;1435;57;35,8898954;0,7829036;78,29036;0,03787375415282392;0,9534883720930233
2025-06-22;2025;2025-06;Juin;Dimanche;7;25;270;270;0;1,5481481;0,9888888;98,88888;0,0;1,0
2025-06-21;2025;2025-06;Juin;Samedi;6;25;360;345;13;20,9594202;0,8848314;88,48314;0,03611111111111111;0,9583333333333334
2025-06-20;2025;2025-06;Juin;Vendredi;5;25;1320;1231;70;43,0966693;0,7646598;76,46598;0,05303030303030303;0,9325757575757576
2025-06-19;2025;2025-06;Juin;Jeudi;4;25;1369;1311;44;29,5812356;0,8250186;82,50186000000001;0,03214024835646457;0,9576333089846604
2025-06-18;2025;2025-06;Juin;Mercredi;3;25;1262;1231;28;10,2258326;0,9301765;93,01765;0,022187004754358162;0,9754358161648178
2025-06-17;2025;2025-06;Juin;Mardi;2;25;1310;1289;18;11,9759503;0,9254419;92,54419;0,013740458015267175;0,983969465648855
2025-06-16;2025;2025-06;Juin;Lundi;1;25;1470;1439;25;8,7644197;0,9402061;94,02061;0,017006802721088437;0,9789115646258504
2025-06-15;2025;2025-06;Juin;Dimanche;7;24;282;281;1;1,9715302;0,9786476;97,86475999999999;0,0035460992907801418;0,9964539007092199
2025-06-14;2025;2025-06;Juin;Samedi;6;24;359;353;5;6,8073654;0,9492957;94,92957;0,013927576601671309;0,9832869080779945
2025-06-13;2025;2025-06;Juin;Vendredi;5;24;1226;1198;28;16,8914858;0,8966087;89,66087;0,022838499184339316;0,9771615008156607
2025-06-12;2025;2025-06;Juin;Jeudi;4;24;1261;1233;24;14,5482562;0,906024;90,6024;0,0190325138778747;0,9777954004758128
2025-06-11;2025;2025-06;Juin;Mercredi;3;24;1311;1273;29;26,2223095;0,8670253;86,70253;0,02212051868802441;0,9710144927536232
2025-06-10;2025;2025-06;Juin;Mardi;2;24;1408;1350;51;26,2511111;0,8469905;84,69905;0,03622159090909091;0,9588068181818182
2025-06-09;2025;2025-06;Juin;Lundi;1;24;1494;1411;69;42,1105598;0,7670765;76,70765;0,04618473895582329;0,9444444444444444
2025-06-08;2025;2025-06;Juin;Dimanche;7;23;328;322;6;10,916149;0,9355828;93,55828000000001;0,018292682926829267;0,9817073170731707
2025-06-07;2025;2025-06;Juin;Samedi;6;23;369;366;2;4,8579234;0,9620596;96,20596;0,005420054200542005;0,991869918699187
2025-06-06;2025;2025-06;Juin;Vendredi;5;23;1298;1258;28;20,6200317;0,8839563;88,39563;0,02157164869029276;0,9691833590138675
2025-06-05;2025;2025-06;Juin;Jeudi;4;23;1309;1298;8;6,8305084;0,9554873;95,54873;0,006111535523300229;0,9915966386554622
2025-06-04;2025;2025-06;Juin;Mercredi;3;23;1294;1244;42;26,7821543;0,8679245;86,79245;0,03245749613601236;0,9613601236476044
2025-06-03;2025;2025-06;Juin;Mardi;2;23;1440;1381;43;30,6270818;0,8132956;81,32956;0,029861111111111113;0,9590277777777778
2025-06-02;2025;2025-06;Juin;Lundi;1;23;1535;1478;46;32,6441136;0,8270627;82,70627;0,02996742671009772;0,9628664495114007
2025-06-01;2025;2025-06;Juin;Dimanche;7;22;321;315;7;5,8666666;0,9556962;95,56962;0,021806853582554516;0,9813084112149533
2025-05-31;2025;2025-05;Mai;Samedi;6;22;330;316;15;29,3544303;0,8282208;82,82208;0,045454545454545456;0,9575757575757575
2025-05-30;2025;2025-05;Mai;Vendredi;5;22;1306;1168;115;79,3176369;0,6130055;61,30055;0,08805513016845329;0,8943338437978561
2025-05-29;2025;2025-05;Mai;Jeudi;4;22;1383;1274;88;65,4654631;0,6988041;69,88041;0,0636297903109183;0,9211858279103399
2025-05-28;2025;2025-05;Mai;Mercredi;3;22;1372;1214;124;97,7322899;0,574452;57,4452;0,09037900874635568;0,8848396501457726
2025-05-27;2025;2025-05;Mai;Mardi;2;22;1432;1359;58;34,7947019;0,7808908;78,08908;0,040502793296089384;0,9490223463687151
2025-05-26;2025;2025-05;Mai;Lundi;1;22;1495;1451;41;22,4755341;0,8801089;88,01089;0,0274247491638796;0,9705685618729097
2025-05-25;2025;2025-05;Mai;Dimanche;7;21;316;312;4;7,7788461;0,9428571;94,28571;0,012658227848101266;0,9873417721518988
2025-05-24;2025;2025-05;Mai;Samedi;6;21;399;350;36;61,6228571;0,6787564;67,87564;0,09022556390977443;0,8771929824561403
2025-05-23;2025;2025-05;Mai;Vendredi;5;21;1262;1244;16;11,6398713;0,9239391;92,39391;0,012678288431061807;0,9857369255150554
2025-05-22;2025;2025-05;Mai;Jeudi;4;21;1404;1358;38;28,5729013;0,8639308;86,39308;0,027065527065527065;0,9672364672364673
2025-05-21;2025;2025-05;Mai;Mercredi;3;21;1512;1468;37;32,6396457;0,8582941;85,82941;0,02447089947089947;0,9708994708994709
2025-05-20;2025;2025-05;Mai;Mardi;2;21;1588;1521;54;45,2656147;0,7774936;77,74936;0,03400503778337532;0,957808564231738
2025-05-19;2025;2025-05;Mai;Lundi;1;21;467;452;14;11,6681415;0,9215686;92,15686;0,029978586723768737;0,9678800856531049
2025-05-18;2025;2025-05;Mai;Dimanche;7;20;273;270;3;5,937037;0,9520295;95,20295;0,01098901098901099;0,989010989010989
2025-05-17;2025;2025-05;Mai;Samedi;6;20;329;306;20;26,1797385;0,8447204;84,47204;0,060790273556231005;0,9300911854103343
2025-05-16;2025;2025-05;Mai;Vendredi;5;20;1365;1294;61;46,1591962;0,7728635;77,28635;0,04468864468864469;0,947985347985348
2025-05-15;2025;2025-05;Mai;Jeudi;4;20;1456;1435;17;7,0878048;0,9556786;95,56786000000001;0,011675824175824176;0,9855769230769231
2025-05-14;2025;2025-05;Mai;Mercredi;3;20;1504;1469;27;21,2763784;0,906229;90,6229;0,01795212765957447;0,9767287234042553
2025-05-13;2025;2025-05;Mai;Mardi;2;20;1267;1247;16;13,7465918;0,9206349;92,06349;0,012628255722178374;0,984214680347277
2025-05-12;2025;2025-05;Mai;Lundi;1;20;1275;1267;7;6,605367;0,9685287;96,85287;0,005490196078431373;0,9937254901960785
2025-05-11;2025;2025-05;Mai;Dimanche;7;19;235;224;11;11,6026785;0,9102564;91,02564;0,04680851063829787;0,9531914893617022
2025-05-10;2025;2025-05;Mai;Samedi;6;19;301;297;4;5,1919191;0,9697986;96,97986;0,013289036544850499;0,9867109634551495
2025-05-09;2025;2025-05;Mai;Vendredi;5;19;1115;1077;28;36,4020427;0,8228882;82,28882;0,025112107623318385;0,9659192825112107
2025-05-08;2025;2025-05;Mai;Jeudi;4;19;1124;1097;25;17,7128532;0,909009;90,9009;0,02224199288256228;0,9759786476868327
2025-05-07;2025;2025-05;Mai;Mercredi;3;19;1156;1118;33;20,7039355;0,902439;90,2439;0,028546712802768166;0,967128027681661
2025-05-06;2025;2025-05;Mai;Mardi;2;19;1265;1219;39;36,097621;0,8162118;81,62118000000001;0,0308300395256917;0,9636363636363636
2025-05-05;2025;2025-05;Mai;Lundi;1;19;1257;1181;67;53,8611346;0,7425101;74,25101;0,053301511535401754;0,939538583929992
2025-05-04;2025;2025-05;Mai;Dimanche;7;18;338;331;6;9,0030211;0,9371257;93,71257;0,01775147928994083;0,9792899408284024
2025-05-03;2025;2025-05;Mai;Samedi;6;18;417;409;7;10,6479217;0,9178743;91,78743;0,016786570743405275;0,9808153477218226
2025-05-02;2025;2025-05;Mai;Vendredi;5;18;1123;1004;99;116,251992;0,6295955;62,95955;0,0881567230632235;0,8940338379341051
2025-05-01;2025;2025-05;Mai;Jeudi;4;18;1274;1196;44;40,312709;0,7838915;78,38915;0,03453689167974882;0,9387755102040817
2025-04-30;2025;2025-04;Avril;Mercredi;3;18;1136;1110;24;19,5513513;0,8892857;88,92857;0,02112676056338028;0,977112676056338
2025-04-29;2025;2025-04;Avril;Mardi;2;18;1213;1170;34;27,2752136;0,8393305;83,93305;0,028029678483099753;0,964550700741962
2025-04-28;2025;2025-04;Avril;Lundi;1;18;1296;1269;23;20,5555555;0,915175;91,5175;0,017746913580246913;0,9791666666666666
2025-04-27;2025;2025-04;Avril;Dimanche;7;17;304;305;1;4,2754098;0,970297;97,02969999999999;0,003289473684210526;1,0032894736842106
2025-04-26;2025;2025-04;Avril;Samedi;6;17;371;363;7;11,9669421;0,9320652;93,20652;0,018867924528301886;0,9784366576819407
2025-04-25;2025;2025-04;Avril;Vendredi;5;17;1210;1171;34;23,2322801;0,8918692;89,18692;0,02809917355371901;0,9677685950413223
2025-04-24;2025;2025-04;Avril;Jeudi;4;17;1259;1163;82;80,8091143;0,7371007;73,71007;0,06513105639396347;0,9237490071485306
2025-04-23;2025;2025-04;Avril;Mercredi;3;17;1341;1275;56;31,622745;0,8290273;82,90273;0,041759880686055184;0,9507829977628636
2025-04-22;2025;2025-04;Avril;Mardi;2;17;1435;1374;49;30,738719;0,808677;80,8677;0,03414634146341464;0,9574912891986063
2025-04-21;2025;2025-04;Avril;Lundi;1;17;672;650;22;10,976923;0,9321266;93,21266;0,03273809523809524;0,9672619047619048
2025-04-20;2025;2025-04;Avril;Dimanche;7;16;246;245;1;1,7306122;0,9918367;99,18367;0,0040650406504065045;0,9959349593495935
2025-04-19;2025;2025-04;Avril;Samedi;6;16;292;291;1;0,7250859;0,9965635;99,65635;0,003424657534246575;0,9965753424657534
2025-04-18;2025;2025-04;Avril;Vendredi;5;16;494;489;4;5,3537832;0,9755102;97,55102;0,008097165991902834;0,9898785425101214
2025-04-17;2025;2025-04;Avril;Jeudi;4;16;1236;1214;20;12,2602965;0,9248979;92,48979;0,016181229773462782;0,982200647249191
2025-04-16;2025;2025-04;Avril;Mercredi;3;16;1182;1152;26;13,735243;0,9092465;90,92465;0,021996615905245348;0,9746192893401016
2025-04-15;2025;2025-04;Avril;Mardi;2;16;1190;1187;2;5,1255265;0,9705139;97,05139;0,0016806722689075631;0,9974789915966387
2025-04-14;2025;2025-04;Avril;Lundi;1;16;1386;1325;44;26,7637735;0,8360294;83,60294;0,031746031746031744;0,9559884559884559
2025-04-13;2025;2025-04;Avril;Dimanche;7;15;227;229;0;1,8340611;0,9911894;99,11894;0,0;1,0088105726872247
2025-04-12;2025;2025-04;Avril;Samedi;6;15;387;369;10;16,4986449;0,9036458;90,36458;0,025839793281653745;0,9534883720930233
2025-04-11;2025;2025-04;Avril;Vendredi;5;15;1091;1072;16;15,6436567;0,923361;92,3361;0,01466544454628781;0,9825847846012832
2025-04-10;2025;2025-04;Avril;Jeudi;4;15;1178;1157;19;17,8772687;0,9041095;90,41095;0,016129032258064516;0,9821731748726655
2025-04-09;2025;2025-04;Avril;Mercredi;3;15;1120;1085;31;23,2267281;0,8869801;88,69801000000001;0,027678571428571427;0,96875
2025-04-08;2025;2025-04;Avril;Mardi;2;15;1072;1050;22;16,335238;0,8937969;89,37969;0,020522388059701493;0,9794776119402985
2025-04-07;2025;2025-04;Avril;Lundi;1;15;1344;1276;65;34,3205329;0,8453373;84,53372999999999;0,04836309523809524;0,9494047619047619
2025-04-06;2025;2025-04;Avril;Dimanche;7;14;227;227;0;1,3744493;0,9911894;99,11894;0,0;1,0
2025-04-05;2025;2025-04;Avril;Samedi;6;14;531;524;6;5,7977099;0,9638783;96,38783;0,011299435028248588;0,9868173258003766
2025-04-04;2025;2025-04;Avril;Vendredi;5;14;1166;1115;41;35,2941704;0,7951176;79,51176;0,03516295025728988;0,9562607204116638
2025-04-03;2025;2025-04;Avril;Jeudi;4;14;1171;1126;38;20,5692717;0,86949;86,949;0,032450896669513236;0,9615713065755764
2025-04-02;2025;2025-04;Avril;Mercredi;3;14;1178;1151;24;16,3944396;0,8950988;89,50988;0,02037351443123939;0,9770797962648556
2025-04-01;2025;2025-04;Avril;Mardi;2;14;1218;1115;91;72,5345291;0,6514382;65,14381999999999;0,07471264367816093;0,9154351395730707
2025-03-31;2025;2025-03;Mars;Lundi;1;14;1274;1133;110;122,0467784;0,5625;56,25;0,08634222919937205;0,8893249607535322
2025-03-30;2025;2025-03;Mars;Dimanche;7;13;309;305;4;8,9508196;0,9350649;93,50649;0,012944983818770227;0,9870550161812298
2025-03-29;2025;2025-03;Mars;Samedi;6;13;314;310;4;6,3645161;0,9645161;96,45161;0,012738853503184714;0,9872611464968153
2025-03-28;2025;2025-03;Mars;Vendredi;5;13;1096;1059;33;29,5306893;0,8294717;82,94717;0,030109489051094892;0,9662408759124088
2025-03-27;2025;2025-03;Mars;Jeudi;4;13;1262;1156;93;57,7595155;0,6933115;69,33115;0,07369255150554675;0,9160063391442155
2025-03-26;2025;2025-03;Mars;Mercredi;3;13;1282;1222;52;38,487725;0,8091844;80,91844;0,0405616224648986;0,953198127925117
2025-03-25;2025;2025-03;Mars;Mardi;2;13;1205;1128;65;37,5008865;0,7714528;77,14528;0,05394190871369295;0,9360995850622407
2025-03-24;2025;2025-03;Mars;Lundi;1;13;1257;1191;56;37,5482787;0,8181818;81,81818;0,04455051710421639;0,9474940334128878
2025-03-23;2025;2025-03;Mars;Dimanche;7;12;194;192;2;0,609375;0,9948186;99,48186;0,010309278350515464;0,9896907216494846
2025-03-22;2025;2025-03;Mars;Samedi;6;12;304;294;10;8,2517006;0,9264214;92,64214;0,03289473684210526;0,9671052631578947
2025-03-21;2025;2025-03;Mars;Vendredi;5;12;1176;1112;57;38,2365107;0,8006962;80,06962;0,04846938775510204;0,9455782312925171
2025-03-20;2025;2025-03;Mars;Jeudi;4;12;1127;1064;57;52,5789473;0,759276;75,9276;0,050576752440106475;0,9440993788819876
2025-03-19;2025;2025-03;Mars;Mercredi;3;12;1174;1120;50;53,0669642;0,7805724;78,05724000000001;0,04258943781942078;0,9540034071550255
2025-03-18;2025;2025-03;Mars;Mardi;2;12;1170;1067;86;73,5529522;0,7126537;71,26536999999999;0,0735042735042735;0,911965811965812
2025-03-17;2025;2025-03;Mars;Lundi;1;12;1345;1282;58;30,8190327;0,8338391;83,38391;0,04312267657992565;0,9531598513011152
2025-03-16;2025;2025-03;Mars;Dimanche;7;11;236;233;3;4,3991416;0,9617021;96,17021;0,012711864406779662;0,9872881355932204
2025-03-15;2025;2025-03;Mars;Samedi;6;11;329;317;12;14,7413249;0,906542;90,6542;0,0364741641337386;0,9635258358662614
2025-03-14;2025;2025-03;Mars;Vendredi;5;11;1141;1085;46;44,9327188;0,8108348;81,08348;0,040315512708150744;0,950920245398773
2025-03-13;2025;2025-03;Mars;Jeudi;4;11;1238;1189;42;36,805719;0,8275862;82,75862000000001;0,033925686591276254;0,9604200323101777
2025-03-12;2025;2025-03;Mars;Mercredi;3;11;1231;1188;38;29,1910774;0,8226072;82,26071999999999;0,030869212022745736;0,9650690495532088
2025-03-11;2025;2025-03;Mars;Mardi;2;11;1204;1178;25;23,269949;0,8582214;85,82214;0,020764119601328904;0,978405315614618
2025-03-10;2025;2025-03;Mars;Lundi;1;11;1462;1416;38;30,3926553;0,8243055;82,43055;0,025991792065663474;0,9685362517099864
2025-03-09;2025;2025-03;Mars;Dimanche;7;10;212;209;3;7,5119617;0,9573459;95,73459;0,014150943396226415;0,9858490566037735
2025-03-08;2025;2025-03;Mars;Samedi;6;10;330;316;12;25,0316455;0,8328173;83,28173;0,03636363636363636;0,9575757575757575
2025-03-07;2025;2025-03;Mars;Vendredi;5;10;1212;1097;95;115,6855059;0,6417021;64,17021000000001;0,07838283828382839;0,9051155115511551
2025-03-06;2025;2025-03;Mars;Jeudi;4;10;1232;1155;71;57,9696969;0,7539484;75,39484;0,05762987012987013;0,9375
2025-03-05;2025;2025-03;Mars;Mercredi;3;10;1344;1249;79;61,1585268;0,7132018;71,32018;0,058779761904761904;0,9293154761904762
2025-03-04;2025;2025-03;Mars;Mardi;2;10;1232;1182;43;39,9873096;0,7873042;78,73042;0,0349025974025974;0,9594155844155844
2025-03-03;2025;2025-03;Mars;Lundi;1;10;1446;1309;109;96,6226126;0,6210078;62,10078;0,07538035961272475;0,9052558782849239
2025-03-02;2025;2025-03;Mars;Dimanche;7;9;297;292;4;5,3801369;0,9591836;95,91836;0,013468013468013467;0,9831649831649831
2025-03-01;2025;2025-03;Mars;Samedi;6;9;397;362;32;61,4392265;0,7286821;72,86821;0,08060453400503778;0,9118387909319899
2025-02-28;2025;2025-02;Février;Vendredi;5;9;1312;1162;119;99,657487;0,5841194;58,411939999999994;0,09070121951219512;0,885670731707317
2025-02-27;2025;2025-02;Février;Jeudi;4;9;1336;1205;110;100,5560165;0,617647;61,7647;0,08233532934131736;0,9019461077844312
2025-02-26;2025;2025-02;Février;Mercredi;3;9;1289;1140;124;154,7763157;0,5032;50,32;0,09619860356865788;0,8844065166795966
2025-02-25;2025;2025-02;Février;Mardi;2;9;1263;1132;111;105,2756183;0,6593317;65,93316999999999;0,08788598574821853;0,8962787015043547
2025-02-24;2025;2025-02;Février;Lundi;1;9;1439;1286;130;155,4930015;0,4910265;49,10265;0,09034051424600417;0,8936761640027797
2025-02-23;2025;2025-02;Février;Dimanche;7;8;261;260;1;0,7461538;0,9923076;99,23075999999999;0,0038314176245210726;0,9961685823754789
2025-02-22;2025;2025-02;Février;Samedi;6;8;388;372;15;25,7688172;0,8668407;86,68407;0,03865979381443299;0,9587628865979382
2025-02-21;2025;2025-02;Février;Vendredi;5;8;1334;1230;86;71,8341463;0,7107692;71,07692;0,06446776611694154;0,9220389805097451
2025-02-20;2025;2025-02;Février;Jeudi;4;8;1298;1243;47;33,003218;0,8394388;83,94388000000001;0,0362095531587057;0,9576271186440678
2025-02-19;2025;2025-02;Février;Mercredi;3;8;1391;1323;63;56,749811;0,7432333;74,32333;0,04529115744069015;0,9511143062544932
2025-02-18;2025;2025-02;Février;Mardi;2;8;1435;1251;148;181,0983213;0,4727793;47,27793;0,10313588850174216;0,8717770034843205
2025-02-17;2025;2025-02;Février;Lundi;1;8;553;547;5;6,6691042;0,959854;95,9854;0,009041591320072333;0,9891500904159132
2025-02-16;2025;2025-02;Février;Dimanche;7;7;314;307;6;25,1596091;0,9067524;90,67524;0,01910828025477707;0,9777070063694268
2025-02-15;2025;2025-02;Février;Samedi;6;7;443;409;29;62,0464547;0,7523364;75,23364000000001;0,0654627539503386;0,9232505643340858
2025-02-14;2025;2025-02;Février;Vendredi;5;7;1425;1295;108;90,8316602;0,6268115;62,681149999999995;0,07578947368421053;0,9087719298245615
2025-02-13;2025;2025-02;Février;Jeudi;4;7;1243;1191;44;60,2527287;0,747557;74,7557;0,035398230088495575;0,9581657280772325
2025-02-12;2025;2025-02;Février;Mercredi;3;7;1462;1335;100;111,6719101;0,5943661;59,43661;0,06839945280437756;0,9131326949384405
2025-02-11;2025;2025-02;Février;Mardi;2;7;1584;1513;63;44,9834765;0,8167202;81,67202;0,03977272727272727;0,9551767676767676
2025-02-10;2025;2025-02;Février;Lundi;1;7;1573;1359;182;200,428256;0,5279421;52,79421;0,11570247933884298;0,8639542275905913
2025-02-09;2025;2025-02;Février;Dimanche;7;6;300;291;8;12,6323024;0,902027;90,20270000000001;0,02666666666666667;0,97
2025-02-08;2025;2025-02;Février;Samedi;6;6;473;459;13;37,9738562;0,8166311;81,66311;0,02748414376321353;0,9704016913319239
2025-02-07;2025;2025-02;Février;Vendredi;5;6;1565;1465;79;71,7802047;0,7112998;71,12998;0,05047923322683706;0,9361022364217252
2025-02-06;2025;2025-02;Février;Jeudi;4;6;1705;1502;169;227,1431424;0,5497887;54,97887;0,09912023460410557;0,8809384164222874
2025-02-05;2025;2025-02;Février;Mercredi;3;6;1968;1867;84;77,5334761;0,7435233;74,35233;0,042682926829268296;0,9486788617886179
2025-02-04;2025;2025-02;Février;Mardi;2;6;2121;1948;141;96,8131416;0,6458937;64,58937;0,06647807637906648;0,9184347006129184
2025-02-03;2025;2025-02;Février;Lundi;1;6;2238;1970;217;212,367005;0,4757914;47,579139999999995;0,0969615728328865;0,8802502234137622
2025-02-02;2025;2025-02;Février;Dimanche;7;5;560;520;31;51,1442307;0,75;75,0;0,055357142857142855;0,9285714285714286
2025-02-01;2025;2025-02;Février;Samedi;6;5;553;538;15;15,1282527;0,9060773;90,60773;0,027124773960216998;0,972875226039783
2025-01-31;2025;2025-01;Janvier;Vendredi;5;5;2006;1818;159;153,1936193;0,5818743;58,18742999999999;0,07926221335992024;0,9062811565304087
2025-01-30;2025;2025-01;Janvier;Jeudi;4;5;1972;1794;129;130,109253;0,568443;56,844300000000004;0,0654158215010142;0,90973630831643
2025-01-29;2025;2025-01;Janvier;Mercredi;3;5;2163;1901;214;246,9500263;0,5376549;53,76549000000001;0,09893666204345816;0,8788719371243643
2025-01-28;2025;2025-01;Janvier;Mardi;2;5;2050;1890;120;129,4449735;0,5794718;57,947179999999996;0,05853658536585366;0,9219512195121952
2025-01-27;2025;2025-01;Janvier;Lundi;1;5;2213;1955;202;240,6173913;0,4788273;47,88273;0,09127880704925441;0,8834161771351107
2025-01-26;2025;2025-01;Janvier;Dimanche;7;4;291;285;6;29,8596491;0,9103448;91,03448;0,020618556701030927;0,979381443298969
2025-01-25;2025;2025-01;Janvier;Samedi;6;4;498;476;19;20,5987394;0,8609406;86,09406;0,03815261044176707;0,9558232931726908
2025-01-24;2025;2025-01;Janvier;Vendredi;5;4;1488;1392;80;62,7722701;0,7271468;72,71468;0,053763440860215055;0,9354838709677419
2025-01-23;2025;2025-01;Janvier;Jeudi;4;4;1675;1587;72;60,4354127;0,7425622;74,25622;0,04298507462686567;0,9474626865671641
2025-01-22;2025;2025-01;Janvier;Mercredi;3;4;1736;1654;68;53,5459492;0,7780387;77,80387;0,03917050691244239;0,9527649769585254
2025-01-21;2025;2025-01;Janvier;Mardi;2;4;1652;1569;65;69,69471;0,7185185;71,85185;0,03934624697336562;0,9497578692493946
2025-01-20;2025;2025-01;Janvier;Lundi;1;4;1753;1655;71;63,5873111;0,7376093;73,76093;0,040501996577296064;0,944095835710211
2025-01-19;2025;2025-01;Janvier;Dimanche;7;3;314;300;11;20,97;0,8690095;86,90095;0,03503184713375796;0,9554140127388535
2025-01-18;2025;2025-01;Janvier;Samedi;6;3;446;443;1;3,0293453;0,9707865;97,07865;0,002242152466367713;0,9932735426008968
2025-01-17;2025;2025-01;Janvier;Vendredi;5;3;1613;1502;92;99,5918774;0,6447118;64,47117999999999;0,05703657780533168;0,9311841289522629
2025-01-16;2025;2025-01;Janvier;Jeudi;4;3;1769;1628;106;103,291769;0,6317016;63,170159999999996;0,059920859242509894;0,9202939513849633
2025-01-15;2025;2025-01;Janvier;Mercredi;3;3;1956;1627;263;272,8727719;0,4295661;42,95661;0,13445807770961146;0,831799591002045
2025-01-14;2025;2025-01;Janvier;Mardi;2;3;1945;1589;297;401,620516;0,3068181;30,68181;0,15269922879177378;0,8169665809768637
2025-01-13;2025;2025-01;Janvier;Lundi;1;3;2211;1669;467;476,3547034;0,3693779;36,93779;0,21121664405246496;0,7548620533695161
2025-01-12;2025;2025-01;Janvier;Dimanche;7;2;392;372;18;38,0779569;0,7832898;78,32898;0,04591836734693878;0,9489795918367347
2025-01-11;2025;2025-01;Janvier;Samedi;6;2;533;507;24;52,928994;0,7653846;76,53846;0,0450281425891182;0,9512195121951219
2025-01-10;2025;2025-01;Janvier;Vendredi;5;2;1871;1564;251;253,6515345;0,3970917;39,70917;0,13415285943345803;0,8359166221272047
2025-01-09;2025;2025-01;Janvier;Jeudi;4;2;1726;1637;71;60,9016493;0,7422985;74,22985;0,041135573580533026;0,9484356894553881
2025-01-08;2025;2025-01;Janvier;Mercredi;3;2;1592;1482;93;88,2989203;0,6778566;67,78566000000001;0,05841708542713568;0,9309045226130653
2025-01-07;2025;2025-01;Janvier;Mardi;2;2;1641;1547;81;76,7789269;0,6886264;68,86264;0,04936014625228519;0,9427178549664839
2025-01-06;2025;2025-01;Janvier;Lundi;1;2;1572;1469;84;70,1572498;0,7252747;72,52747000000001;0,05343511450381679;0,9344783715012722
2025-01-05;2025;2025-01;Janvier;Dimanche;7;1;275;275;0;2,0072727;0,9854545;98,54545;0,0;1,0
2025-01-04;2025;2025-01;Janvier;Samedi;6;1;393;392;1;4,2780612;0,9745547;97,45547;0,002544529262086514;0,9974554707379135
2025-01-03;2025;2025-01;Janvier;Vendredi;5;1;1437;1333;90;83,2205551;0,6654829;66,54829;0,06263048016701461;0,9276270006958942
2025-01-02;2025;2025-01;Janvier;Jeudi;4;1;1467;1404;49;34,6866096;0,8298611;82,98611;0,033401499659168374;0,9570552147239264
2025-01-01;2025;2025-01;Janvier;Mercredi;3;1;246;245;0;0,2857142;0,9959349;99,59349;0,0;0,9959349593495935
